{"cameraMode":{"drawMode":0,"name":"Shaded","section":"Shading Mode"},"sceneLighting":true,"audioPlay":false,"sceneViewState":{"m_AlwaysRefresh":false,"showFog":true,"showSkybox":true,"showFlares":true,"showImageEffects":true,"showParticleSystems":true,"showVisualEffectGraphs":true,"m_FxEnabled":true},"in2DMode":false,"pivot":{"x":0.03657253086566925,"y":1.257506251335144,"z":1.4240548610687256},"rotation":{"x":0.3213847875595093,"y":-0.163646399974823,"z":0.05649777501821518,"w":0.9309948682785034},"size":1.0594868659973145,"orthographic":true}