{"cameraMode":{"drawMode":0,"name":"Shaded","section":"Shading Mode"},"sceneLighting":true,"audioPlay":false,"sceneViewState":{"m_AlwaysRefresh":false,"showFog":true,"showSkybox":true,"showFlares":true,"showImageEffects":true,"showParticleSystems":true,"showVisualEffectGraphs":true,"m_FxEnabled":true},"in2DMode":false,"pivot":{"x":0.3977828025817871,"y":1.6396387815475464,"z":1.012693166732788},"rotation":{"x":0.2704561650753021,"y":-0.014439959079027176,"z":0.0040566506795585159,"w":0.9626163840293884},"size":1.507021427154541,"orthographic":true}